{"Ps": 0.8, "Pb": 0.2, "Pd": 0.9, "n_particles": 500, "n_birth": 1, "sensor_noise_std": 0.1, "process_noise_std": 0.1, "poisson_lambda": 5, "lambda_clutter": 0.005555555555555556, "track_init": 5, "track_terminate": 15, "qk_km1_init": 0.01, "n_simulation": 20, "Zk": [[[13.30973281935353, 26.521797964939093], [28.78235024469442, 23.43931226084792], [13.002409854409844, 17.419636269106732], [15.254038167810767, 0.7084905283793008], [22.77354002134088, 3.9508120666613866], [1.2163167643371664, 26.977521009756973], [17.31657628701596, 14.019953040376942], [4.06662182625451, 17.803549769688306], [3.3537072407048942, 0.4977641041740388]], [[25.76822334538317, 5.461563503387387], [0.21808289960364768, 8.98283302712583], [10.901569178059889, 28.572343131869044], [23.467798066071584, 27.042143400605013], [15.116553686522954, 15.526976695092388]], [[22.37760421684365, 5.371648650141037], [24.171118428143963, 0.6327288948217769], [21.461000861056796, 15.781199350484227], [7.744828729270241, 2.3465556479755456], [14.660198943947417, 2.3521092709777403]], [[1.5037705148681535, 1.8102533698411516], [29.234876420372785, 16.840752852373694], [3.459897756449013, 23.34655111077432], [1.5642429522813073, 27.161156509527935], [16.452496900404597, 27.65234382275106]], [[23.488456921462372, 8.484638810556877], [14.171110118517369, 20.050297114345714]], [[22.896046966024024, 18.08177951857376], [17.47205748067537, 15.412234691423354]], [[21.25816495743842, 2.2534854122882764], [1.9378363643243357, 1.9755397300230297], [23.943577294640455, 2.535647006636391], [15.118380906382342, 15.082336068685535], [2.877667666071223, 22.612098015939445]], [[20.433082735461255, 23.279777440713644], [26.883093736832077, 6.295633253822769], [18.651066011835034, 17.567407590560602], [26.66261411088973, 2.953856613564466], [2.9469892463008094, 2.9412026524447303], [10.762499549057683, 2.2841561467815366], [15.79653451428773, 6.072727083736275], [21.78017099292323, 8.526735898268585], [15.730434581505568, 12.888980299412868]], [[3.237033889909192, 0.516180504931758], [26.756117664576948, 9.67722822532301], [3.9984164044347836, 3.9914235715575623], [25.647465825033702, 24.356824819415156], [11.085995797351089, 17.921544925473583]], [[22.45649383210945, 23.67717034375588], [13.147211048574562, 16.84944150239387], [5.060631928170144, 5.028053691080499]], [[25.588517010819892, 12.516873793471126], [26.318998583980303, 11.422288920605691], [6.08038180371163, 6.078066186498007], [29.313012459158756, 15.176079581623075], [19.25068902461268, 3.326107804241097], [1.8713774769908553, 28.148524002840443], [0.11407950318375715, 2.503529464073029], [29.19256631786526, 22.672042619044163], [26.456711339367953, 19.566129518127017]], [[6.862810661518247, 7.059975210060877], [24.585418925741855, 0.4069250223244303], [28.230159234849303, 4.323188030580512], [22.395154860217577, 15.332686600278299], [19.77314715715921, 16.822754238925807]], [[11.986001962815582, 6.063117806041934], [7.787367411569097, 14.407642175608142], [18.105056389829237, 16.77463546914394], [6.322098818888312, 3.0744049169703915], [8.076250030151126, 7.955023647522273]], [[18.93018481902508, 9.405189813765245], [12.796541684233965, 21.56975896409828], [9.04028686753561, 8.83414807067617], [17.591661979238964, 17.046834081810964], [5.768335216612149, 19.94802951466862], [0.15102608168768294, 7.927064977898222]], [[10.017388903715993, 9.952291959351932], [26.20977280941196, 27.042040610084115], [27.377550326424075, 27.88636060073454], [26.282740368585895, 26.04868615232022]], [[14.72824239018967, 15.537619642460943], [16.276972628692292, 21.638009622391223], [24.399474359090746, 22.05793528930914], [28.937276984021658, 12.004557416043166]], [[24.161293901595208, 12.665698147899459], [25.427109533481158, 26.895810516879646], [22.41388651476972, 20.798745953551233], [10.167534070997213, 7.300217439056512]], [[17.67375556444866, 15.555412967124765]], [[9.33575384264443, 3.645689670128205], [10.129789558633963, 5.8543837921994655], [22.615695561839082, 2.534301612931158], [15.095423882130518, 25.95045146354088], [0.2589093414400123, 28.802450861870717], [0.1966685688825376, 10.399971755249055], [20.67217050131638, 1.7556962464800463], [2.737590004845998, 24.537567658098105], [23.150822833639165, 14.170059674831585], [29.097394316689385, 11.917133578824528], [12.31288396870631, 18.111080716239716]], [[20.937015585999195, 27.070321312589513], [24.18915384999293, 23.723109336723407], [12.96745662430704, 6.781112585628426], [0.25644548614489837, 0.3686374586516372], [29.23139903464113, 11.63136572003456], [14.152284207245817, 20.795390512050815]]], "GT": [[], [], [], [], [], [], [1.9378363643243357, 1.9755397300230297], [2.9469892463008094, 2.9412026524447303], [3.9984164044347836, 3.9914235715575623], [5.060631928170144, 5.028053691080499], [6.08038180371163, 6.078066186498007], [6.862810661518247, 7.059975210060877], [8.076250030151126, 7.955023647522273], [9.04028686753561, 8.83414807067617], [10.017388903715993, 9.952291959351932], [], [], [], [], []], "qk_k": [0.033282002056302204, 0.02742663751608277, 0.035656522945736194, 0.027648475272386328, 0.06884673054344262, 0.05120247258881923, 0.02911860793495584, 0.9335753954853151, 0.9836153011511108, 0.9902408077844568, 0.9943292343582963, 0.9898168751210666, 0.9879409058440518, 0.9897815840172176, 0.990204089921748, 0.27835642135615046, 0.05480407352599988, 0.02946370147010859, 0.027074960121513142, 0.04297228705469591], "qkm1": [0.20600000000000002, 0.21996920123378136, 0.21645598250964967, 0.22139391376744172, 0.2165890851634318, 0.2413080383260656, 0.23072148355329156, 0.21747116476097353, 0.7601452372911891, 0.7901691806906666, 0.7941444846706741, 0.7965975406149779, 0.7938901250726401, 0.7927645435064312, 0.7938689504103306, 0.7941224539530488, 0.36701385281369026, 0.2328824441155999, 0.21767822088206518, 0.2162449760729079], "map": [[4.074543337969339, 17.726705317003304, 0.1, 0.3142266193322705], [5.599219269095294, 18.875826777321162, 0.1, 1.1711988808661493], [14.632864697517293, 2.366041798691355, 0.1, 0.48848735467876025], [8.23979087802444, 3.820410253247153, 0.1, 1.215601715641563], [23.77348502502586, 8.079317018348036, 0.1, 1.9688931649365475], [24.617493732832305, 9.359085968707456, 0.1, 0.5720670105266876], [18.591355781160264, 16.8140752111708, 0.1, 1.160735750453398], [3.388824691432946, 2.6325767754621463, 0.1, 1.159005643738732], [4.357926155390025, 4.541172976403772, 0.1, 0.3041880605004754], [4.842617175748473, 5.127204035110666, 0.1, 1.0063447829048984], [6.6163870834944625, 6.061924931934875, 0.1, 0.4162142360199643], [6.698695513805883, 7.120768868477836, 0.1, 0.7230925946800593], [7.721597411583466, 8.270441265942827, 0.1, 0.3809288107979867], [8.773165493884562, 8.992013238710912, 0.1, 0.8967389271777593], [10.784236125618682, 9.423837794247861, 0.1, 1.4579129423006536], [9.690746797534171, 9.861745952426027, 0.1, 0.6136106832178543], [16.409325283578593, 16.133320555477724, 0.1, 0.8682570144672578], [23.71443920938146, 21.901988300810988, 0.1, 0.9340832872936197], [18.582485028353382, 16.394943388464608, 0.1, 0.6069934021060095], [24.710271772210557, 23.638411654587046, 0.1, 0.8828305596144518]],