{"Ps": 0.8, "Pb": 0.2, "Pd": 0.9, "n_particles": 5, "n_birth": 1, "sensor_noise_std": 0.1, "process_noise_std": 0.1, "poisson_lambda": 5, "lambda_clutter": 0.005555555555555556, "track_init": 5, "track_terminate": 15, "qk_km1_init": 0.01, "n_simulation": 20, "Zk": [[[21.600062503639432, 5.659918127137686], [12.087189248892681, 13.19392983140591], [24.87847071422366, 20.20189017338233], [22.502893680351402, 28.976118795709553]], [[4.082419276213355, 0.9479035538653435], [5.0462034766267045, 20.640226725994722], [26.676303978829235, 16.43146042415453], [12.507103049528261, 24.381402622427835], [26.2357157639972, 19.735672271487907], [5.1713056319175905, 29.345839487266012], [4.538094278926572, 20.722030477580066]], [[7.251892540564331, 6.830461618304556], [2.8249995171524933, 17.64671622423831], [8.56425246604315, 3.4414315700480858], [14.223940795072812, 2.0624553563092487]], [[21.334536435887255, 19.459163203422392], [8.951625509502465, 3.2422327734514003], [28.461764103565127, 29.59023816631815]], [[7.450654091062638, 14.576883816633472], [4.7236514587339204, 14.5167337017447], [29.27188122954229, 21.159048752157467]], [[1.5492845012551537, 2.9842901317440704], [14.277864614591053, 18.599862464625648], [5.18405805704173, 28.904811409936457], [8.295344462310494, 29.635279855649785], [19.236383789692628, 22.165159625512462]], [[2.4036401750042358, 0.8790666296887328], [7.944194776107171, 29.49468507530338], [21.627543208459894, 22.806143094973134], [0.5665726819111006, 7.598554387275069], [29.747792821433606, 12.67028713695585], [1.8029059078034546, 1.9676555746936946]], [[18.504638384819703, 18.364449126788774], [2.8502637727515645, 3.095051323132087], [16.947068395154826, 13.382154870764165], [14.70197406843198, 12.086127555291304], [22.503631964832987, 16.074456905929228], [19.09837265105353, 15.157753344616262], [27.56917877308348, 0.26346158483865567], [9.792700618333912, 16.64876198132018], [23.175555377558666, 15.838356223944995], [6.791411742229899, 9.549356912821981]], [[5.520865479297524, 15.780194208200616], [11.399242277733602, 5.8409177205947005], [16.51430201180205, 15.74825462369281], [3.9685166439834045, 4.108522975926345], [19.80097691986917, 11.160575395572822]], [[5.811980327951759, 13.994433370613319], [18.372905587353415, 20.479030615397352], [21.067033517457094, 12.276463463081223], [5.05235261634718, 4.873353679752311]], [[10.859243472683591, 19.112781998497933], [6.062722002885828, 6.032784777050594], [1.0877876690040977, 2.77034548993357], [22.629787229299318, 24.631229187472908]], [[20.300729114433597, 12.9430642181921], [6.9571697293677754, 6.983393236217807], [26.31528532098659, 3.095879356840503], [22.345313888836756, 19.490420052717592]], [[7.872967742678848, 7.981802755952403], [21.856467825484614, 12.835876361292087], [26.908601991890084, 25.281099361817724], [5.7441803786436685, 21.030525939050243], [21.837783958411595, 21.416996544381416], [27.52776089004531, 28.60773555858966], [24.380436052807173, 15.124141168331365]], [[18.678481148995413, 3.3937133400316433], [10.125108106880456, 2.7458107602277746], [23.16520929394211, 25.181897290207324], [9.031708124659112, 8.92327821652281], [2.916885376115481, 10.717668916141289], [9.590395223610185, 7.565469029651723], [5.6716830667898686, 3.1621492652505445]], [[9.856030154343744, 10.166256428865278], [16.357366939105187, 5.051541737419591], [11.010917776856497, 20.649054624415147], [20.36771798489626, 23.24828581379983], [2.2889682476310136, 21.22606884238895], [22.372209792617134, 10.308500400133344]], [[16.288923513806097, 29.487530228221694], [12.099760539625471, 19.658907244510935], [17.66592600396006, 22.639546773098317], [16.615329294178117, 25.757953218654855], [7.62777494379959, 26.117253597450055], [11.026863794892318, 1.7762046156149291], [8.116599846946993, 6.617431262175395], [24.03874287210331, 13.950879549930344]], [[13.995844838287256, 7.6503817303665365], [13.292450422940718, 19.21420371172318], [25.218086554096384, 4.577025799123703], [20.44187133226518, 23.4717976183053]], [[16.852587819104055, 12.641449497433005], [10.15173858232663, 2.5521709244776702], [17.35020665250583, 21.95478681865417], [27.063255272352812, 13.764986915218534], [14.607578775118707, 28.13343273570515], [9.487951347736653, 19.42237803582506], [26.79321528993989, 18.771596089509824]], [[16.239964165285038, 25.4571974002335], [7.579355060751442, 24.25386321080998], [18.449237878941265, 25.453616580909657], [23.750928941493967, 4.820689585683004], [9.806694300263484, 3.7502343739084076], [21.762112699198415, 3.9614809983785837]], [[29.167817785629676, 4.814620271306314], [1.3353981502152201, 14.34742885798251], [16.750076445859868, 1.5196000990706582], [16.16184699727291, 12.264265840795343], [6.905671080132193, 11.560424511944563]]], "GT": [[], [], [], [], [], [], [1.8029059078034546, 1.9676555746936946], [2.8502637727515645, 3.095051323132087], [3.9685166439834045, 4.108522975926345], [5.05235261634718, 4.873353679752311], [6.062722002885828, 6.032784777050594], [6.9571697293677754, 6.983393236217807], [7.872967742678848, 7.981802755952403], [9.031708124659112, 8.92327821652281], [9.856030154343744, 10.166256428865278], [], [], [], [], []], "qk_k": [0.3014401316149073, 0.05819486127832657, 0.029790062304984967, 0.028596882946265008, 0.026990995711036324, 0.026842304917797644, 0.027137089912374318, 0.8761232519842176, 0.9789785054571156, 0.9786665648441535, 0.9802398821953411, 0.9813482633754215, 0.9832250302029376, 0.9703994170983836, 0.9733779495904544, 0.26633525124503676, 0.053264286630523246, 0.02931593228798075, 0.027400146406361226, 0.026884797011832353], "qkm1": [0.20600000000000002, 0.38086407896894436, 0.23491691676699597, 0.21787403738299102, 0.217158129767759, 0.2161945974266218, 0.2161053829506786, 0.2162822539474246, 0.7256739511905307, 0.7873871032742694, 0.7871999389064921, 0.7881439293172048, 0.788808958025253, 0.7899350181217627, 0.7822396502590303, 0.7840267697542727, 0.35980115074702207, 0.23195857197831396, 0.21758955937278845, 0.21644008784381674], "map": [[22.676332518859592, 29.75082415534039, 0.01679928747754056, -0.4389658662212229], [23.013652100256493, 6.696692734737302, 0.1, 1.271919501173395], [5.841998072385375, 22.025093804443074, 0.1, 1.0416197072454603], [15.09987323332653, 2.827187535781235, 0.1, 0.5749211624098469], [29.730307295963733, 29.879982293454567, 0.1, 1.2202226110927434], [30.562046323900777, 22.944725373831748, 0.1, 1.2481772805000404], [3.170991394414542, 4.466951662905789, 0.1, 1.0102705171922224], [2.6508336095887564, 2.42999717565276, 0.1, 0.7507017233176098], [4.607195828260588, 4.029990412233109, 0.1, 0.9072737612622209], [20.68567057613957, 11.463889966473518, 0.1, 0.9711912853344624], [5.559630633260866, 6.724927888506809, 0.1, 1.209595035360611], [7.294557207213639, 7.10489096248762, 0.1, 1.0510708003142675], [8.105567489859025, 7.963356381711989, 0.1, 0.9881530136415989], [8.145823472404276, 8.10178531296789, 0.1, 0.9591257216594001], [9.295881674908136, 10.578548633843043, 0.1, 1.409196407983249], [8.537087117639388, 12.691223734478669, 0.1, 1.7534747146960747], [9.633798060838053, 12.095657117705004, 0.1, 1.5018393185260779], [10.868992739235674, 14.590461639360091, 0.09020979702043494, 1.9030728582118726], [18.116219194771457, 23.644642545579586, 0.1, 0.623657090151696], [25.11447936766368, 5.880945571662832, 0.1, 1.1745427364713414]],